id,title,poster
tt4574334,Stranger Things,http://ia.media-imdb.com/images/M/MV5BMjEzMDAxOTUyMV5BMl5BanBnXkFtZTgwNzAxMzYzOTE@._V1_.jpg
tt4592410,The Get Down,http://ia.media-imdb.com/images/M/MV5BNTAxMjI5NjcyN15BMl5BanBnXkFtZTgwMjU3MDA3OTE@._V1_.jpg
tt0944947,Game of Thrones,http://ia.media-imdb.com/images/M/MV5BMjM5OTQ1MTY5Nl5BMl5BanBnXkFtZTgwMjM3NzMxODE@._V1_.jpg
tt4158110,Mr. Robot,http://ia.media-imdb.com/images/M/MV5BMTYzMDE2MzI4MF5BMl5BanBnXkFtZTgwNTkxODgxOTE@._V1_.jpg
tt1520211,The Walking Dead,http://ia.media-imdb.com/images/M/MV5BMTc5NTU3Njg0N15BMl5BanBnXkFtZTgwMzY4MjM0ODE@._V1_.jpg
tt1844624,American Horror Story,http://ia.media-imdb.com/images/M/MV5BMTU1OTM0MTQ5M15BMl5BanBnXkFtZTgwMjIyOTkyOTE@._V1_.jpg
tt1632701,Suits,http://ia.media-imdb.com/images/M/MV5BMTk1MjYzOTU2Nl5BMl5BanBnXkFtZTgwMzAxMTg5MTE@._V1_.jpg
tt1586680,Shameless,http://ia.media-imdb.com/images/M/MV5BMjI3NzY2MzMzNF5BMl5BanBnXkFtZTgwODgxMTExNzE@._V1_.jpg
tt2372162,Orange Is the New Black,http://ia.media-imdb.com/images/M/MV5BMjMzMjAxNDY5MV5BMl5BanBnXkFtZTgwMzAzNTQxODE@._V1_.jpg
tt2306299,Vikings,http://ia.media-imdb.com/images/M/MV5BOTEzNzI3MDc0N15BMl5BanBnXkFtZTgwMzk1MzA5NzE@._V1_.jpg
tt0238784,Gilmore Girls,http://ia.media-imdb.com/images/M/MV5BMTYyMjM4Mjc5MF5BMl5BanBnXkFtZTcwMTg1OTAzMQ@@._V1_.jpg
tt0460681,Supernatural,http://ia.media-imdb.com/images/M/MV5BMTQ0Mzc1MzM4OV5BMl5BanBnXkFtZTgwNjUxOTg3NjE@._V1_.jpg
tt1578873,Pretty Little Liars,http://ia.media-imdb.com/images/M/MV5BN2FhMzliMTEtNDNiYy00YTRiLWJlZWEtNWIxOGRhYjU2ODk2XkEyXkFqcGdeQXVyNjczNjU1MjI@._V1_.jpg
tt0413573,Grey's Anatomy,http://ia.media-imdb.com/images/M/MV5BMTk3OTkyOTU2NF5BMl5BanBnXkFtZTgwMTA3ODE2OTE@._V1_.jpg
tt0452046,Criminal Minds,http://ia.media-imdb.com/images/M/MV5BMTQyMzExMzAzMl5BMl5BanBnXkFtZTcwMDEzNzk1OQ@@._V1_.jpg
tt3107288,The Flash,http://ia.media-imdb.com/images/M/MV5BNjAwNzkxNzAwNF5BMl5BanBnXkFtZTgwODg2NTc2NjE@._V1_.jpg
tt3921180,Scream: The TV Series,http://ia.media-imdb.com/images/M/MV5BMjQ0MDM1MzU2NV5BMl5BanBnXkFtZTgwMjQ5OTkzODE@._V1_.jpg
tt0903747,Breaking Bad,http://ia.media-imdb.com/images/M/MV5BMTQ0ODYzODc0OV5BMl5BanBnXkFtZTgwMDk3OTcyMDE@._V1_.jpg
tt2193021,Arrow,http://ia.media-imdb.com/images/M/MV5BMTg3OTc0NzkyOV5BMl5BanBnXkFtZTgwMDMwMTM3MjE@._V1_.jpg
tt3749900,Gotham,http://ia.media-imdb.com/images/M/MV5BMTY2MjMwNDE4OV5BMl5BanBnXkFtZTgwNjI1NjU0OTE@._V1_.jpg
tt2249007,Ray Donovan,http://ia.media-imdb.com/images/M/MV5BMTcyMjg0MDg3NV5BMl5BanBnXkFtZTgwNjI1Mzc1ODE@._V1_.jpg
tt5164196,Lethal Weapon,http://ia.media-imdb.com/images/M/MV5BMjA3MjU2MTc5MV5BMl5BanBnXkFtZTgwMDk3Mjc3OTE@._V1_.jpg
tt3281796,Power,http://ia.media-imdb.com/images/M/MV5BOTA4NTkzMjUzOF5BMl5BanBnXkFtZTgwNzg5ODkxOTE@._V1_.jpg
tt1475582,Sherlock,http://ia.media-imdb.com/images/M/MV5BNTA2MTE1NDI5OV5BMl5BanBnXkFtZTcwNzM2MzU3Nw@@._V1_.jpg
tt1796960,Homeland,http://ia.media-imdb.com/images/M/MV5BMjE0NTc2MzM1OV5BMl5BanBnXkFtZTgwMDk2NjA2NjE@._V1_.jpg
tt0108778,Friends,"http://ia.media-imdb.com/images/M/MV5BMTg4NzEyNzQ5OF5BMl5BanBnXkFtZTYwNTY3NDg4._V1._CR24,0,293,443_.jpg"
tt0898266,The Big Bang Theory,http://ia.media-imdb.com/images/M/MV5BMjI1Mzc4MDUwNl5BMl5BanBnXkFtZTgwMDAzOTIxMjE@._V1_.jpg
tt1843230,Once Upon a Time,http://ia.media-imdb.com/images/M/MV5BNzkyYjU4YTItYmNmZC00MWIwLWE3MTctMDc2NTY3NzY4YWJlXkEyXkFqcGdeQXVyNDMxNTQ0ODY@._V1_.jpg
tt2628232,Penny Dreadful,http://ia.media-imdb.com/images/M/MV5BMTgyOTIwNDI1NF5BMl5BanBnXkFtZTgwNDkxNTQxODE@._V1_.jpg
tt2402207,The Last Ship,http://ia.media-imdb.com/images/M/MV5BMTQ5MTM5Mjc5NV5BMl5BanBnXkFtZTgwMTk2MzExOTE@._V1_.jpg
tt0436992,Doctor Who,http://ia.media-imdb.com/images/M/MV5BODc4Nzg0NjczNF5BMl5BanBnXkFtZTgwODEzOTczNzE@._V1_.jpg
tt2442560,Peaky Blinders,http://ia.media-imdb.com/images/M/MV5BMTQxODYzNTQzOV5BMl5BanBnXkFtZTgwMTI2MDYwMDE@._V1_.jpg
tt3322312,Daredevil,http://ia.media-imdb.com/images/M/MV5BNzUwMDEyMTIxM15BMl5BanBnXkFtZTgwNDU3OTYyODE@._V1_.jpg
tt1405406,The Vampire Diaries,http://ia.media-imdb.com/images/M/MV5BMTgzMzg3NDMxOF5BMl5BanBnXkFtZTgwNjUwMjQyNzE@._V1_.jpg
tt2661044,The 100,http://ia.media-imdb.com/images/M/MV5BMTU5MTczNTkxNl5BMl5BanBnXkFtZTgwNTM5NDc1MTE@._V1_.jpg
tt4229954,Outcast,http://ia.media-imdb.com/images/M/MV5BMjI0ODQ0MTAyM15BMl5BanBnXkFtZTgwODIwNzMzNjE@._V1_.jpg
tt3006802,Outlander,http://ia.media-imdb.com/images/M/MV5BMjMzODc3ODI2M15BMl5BanBnXkFtZTgwNzcwNjk0ODE@._V1_.jpg
tt1856010,House of Cards,http://ia.media-imdb.com/images/M/MV5BMjM3ODMyMjc3MV5BMl5BanBnXkFtZTgwNDgzNDc5NzE@._V1_.jpg
tt1124373,Sons of Anarchy,http://ia.media-imdb.com/images/M/MV5BMTEyODg2NzkwMDBeQTJeQWpwZ15BbWU4MDQwODI3MzIx._V1_.jpg
tt5016504,Preacher,http://ia.media-imdb.com/images/M/MV5BMTYxODQ0MTA5MF5BMl5BanBnXkFtZTgwODM5MTY3NjE@._V1_.jpg
tt0460627,Bones,http://ia.media-imdb.com/images/M/MV5BMjA3ODMxMzM5NF5BMl5BanBnXkFtZTgwMDM1NjU0OTE@._V1_.jpg
tt3766376,Vice Principals,http://ia.media-imdb.com/images/M/MV5BMTU5NjU1MjE0M15BMl5BanBnXkFtZTgwMTQyODgxOTE@._V1_.jpg
tt4016454,Supergirl,http://ia.media-imdb.com/images/M/MV5BMTg5MDI3OTI3M15BMl5BanBnXkFtZTgwNzk0MDI1NjE@._V1_.jpg
tt0386676,The Office,http://ia.media-imdb.com/images/M/MV5BMTgzNjAzMDE0NF5BMl5BanBnXkFtZTcwNTEyMzM3OA@@._V1_.jpg
tt3743822,Fear the Walking Dead,http://ia.media-imdb.com/images/M/MV5BMjQwODQ5ODYxOV5BMl5BanBnXkFtZTgwNDU3OTA0OTE@._V1_.jpg
tt0460649,How I Met Your Mother,http://ia.media-imdb.com/images/M/MV5BMTA5MzAzNTcyNjZeQTJeQWpwZ15BbWU3MDUyMzE1MTk@._V1_.jpg
tt2891574,Ballers,http://ia.media-imdb.com/images/M/MV5BOTkwNTc3MjM3MV5BMl5BanBnXkFtZTgwOTU5ODgxOTE@._V1_.jpg
tt3322314,Luke Cage,http://ia.media-imdb.com/images/M/MV5BMTcyMzc1MjI5MF5BMl5BanBnXkFtZTgwMzE4ODY2OTE@._V1_.jpg
tt0455275,Prison Break,http://ia.media-imdb.com/images/M/MV5BMTg3NTkwNzAxOF5BMl5BanBnXkFtZTcwMjM1NjI5MQ@@._V1_.jpg
tt0773262,Dexter,http://ia.media-imdb.com/images/M/MV5BMTM5MjkwMTI0MV5BMl5BanBnXkFtZTcwODQwMTc0OQ@@._V1_.jpg
